url	url_hash	retrieved_at	finished_at	curl_exit	http_status	final_url	content_type	size_download	redirects	curl_error	body_path	headers_path
http://paulbuerkner.com/data/data_effect.txt	1e33c2457ad674db	2026-07-28T21:07:08.537912+00:00	2026-07-28T21:07:08.688319+00:00	0	200	http://paulbuerkner.com/data/data_effect.txt	text/plain; charset=utf-8	2672	0		bodies/1e33c2457ad674db.body	bodies/1e33c2457ad674db.headers
http://paulbuerkner.com/data/data_pois.txt	0660125a8dfad892	2026-07-28T21:07:08.538285+00:00	2026-07-28T21:07:08.702428+00:00	0	200	http://paulbuerkner.com/data/data_pois.txt	text/plain; charset=utf-8	2508	0		bodies/0660125a8dfad892.body	bodies/0660125a8dfad892.headers
http://paulbuerkner.com/data/data_repeat.txt	b2627fbe314d3061	2026-07-28T21:07:08.538457+00:00	2026-07-28T21:07:08.688795+00:00	0	200	http://paulbuerkner.com/data/data_repeat.txt	text/plain; charset=utf-8	20774	0		bodies/b2627fbe314d3061.body	bodies/b2627fbe314d3061.headers
http://paulbuerkner.com/data/data_simple.txt	9bd237c243aca72b	2026-07-28T21:07:08.538701+00:00	2026-07-28T21:07:08.579291+00:00	0	200	http://paulbuerkner.com/data/data_simple.txt	text/plain; charset=utf-8	4220	0		bodies/9bd237c243aca72b.body	bodies/9bd237c243aca72b.headers
http://paulbuerkner.com/data/fish.csv	b70ecf8f69d5d457	2026-07-28T21:07:08.539083+00:00	2026-07-28T21:07:08.578117+00:00	0	200	http://paulbuerkner.com/data/fish.csv	text/csv; charset=utf-8	5421	0		bodies/b70ecf8f69d5d457.body	bodies/b70ecf8f69d5d457.headers
https://bambinos.github.io/bambi/notebooks/ESCS_multiple_regression.html	f466cc10ad6370a7	2026-07-28T21:07:08.539495+00:00	2026-07-28T21:07:08.609576+00:00	0	200	https://bambinos.github.io/bambi/notebooks/ESCS_multiple_regression.html	text/html; charset=utf-8	44230	0		bodies/f466cc10ad6370a7.body	bodies/f466cc10ad6370a7.headers
https://bambinos.github.io/bambi/notebooks/Strack_RRR_re_analysis.html	6df13ebb9c59c3ef	2026-07-28T21:07:08.539671+00:00	2026-07-28T21:07:08.571422+00:00	0	200	https://bambinos.github.io/bambi/notebooks/Strack_RRR_re_analysis.html	text/html; charset=utf-8	18345	0		bodies/6df13ebb9c59c3ef.body	bodies/6df13ebb9c59c3ef.headers
https://bambinos.github.io/bambi/notebooks/alternative_links_binary.html	8de8214c9a96e83a	2026-07-28T21:07:08.539819+00:00	2026-07-28T21:07:08.579224+00:00	0	200	https://bambinos.github.io/bambi/notebooks/alternative_links_binary.html	text/html; charset=utf-8	15476	0		bodies/8de8214c9a96e83a.body	bodies/8de8214c9a96e83a.headers
https://bambinos.github.io/bambi/notebooks/alternative_samplers.html	7f467e85a13c0547	2026-07-28T21:07:08.540278+00:00	2026-07-28T21:07:08.584721+00:00	0	200	https://bambinos.github.io/bambi/notebooks/alternative_samplers.html	text/html; charset=utf-8	39964	0		bodies/7f467e85a13c0547.body	bodies/7f467e85a13c0547.headers
https://bambinos.github.io/bambi/notebooks/beta_regression.html	452a4bb83a8796f0	2026-07-28T21:07:08.540611+00:00	2026-07-28T21:07:08.569507+00:00	0	200	https://bambinos.github.io/bambi/notebooks/beta_regression.html	text/html; charset=utf-8	19766	0		bodies/452a4bb83a8796f0.body	bodies/452a4bb83a8796f0.headers
https://bambinos.github.io/bambi/notebooks/categorical_regression.html	ee33fb6e9d940999	2026-07-28T21:07:08.545087+00:00	2026-07-28T21:07:08.592116+00:00	0	200	https://bambinos.github.io/bambi/notebooks/categorical_regression.html	text/html; charset=utf-8	15792	0		bodies/ee33fb6e9d940999.body	bodies/ee33fb6e9d940999.headers
https://bambinos.github.io/bambi/notebooks/circular_regression.html	f7126969ed0e27bf	2026-07-28T21:07:08.548265+00:00	2026-07-28T21:07:08.610497+00:00	0	200	https://bambinos.github.io/bambi/notebooks/circular_regression.html	text/html; charset=utf-8	14843	0		bodies/f7126969ed0e27bf.body	bodies/f7126969ed0e27bf.headers
https://bambinos.github.io/bambi/notebooks/count_roaches.html	3e74d8e4c6a3d62d	2026-07-28T21:07:08.550996+00:00	2026-07-28T21:07:08.612849+00:00	0	200	https://bambinos.github.io/bambi/notebooks/count_roaches.html	text/html; charset=utf-8	15798	0		bodies/3e74d8e4c6a3d62d.body	bodies/3e74d8e4c6a3d62d.headers
https://bambinos.github.io/bambi/notebooks/distributional_models.html	e0f880feab801845	2026-07-28T21:07:08.551176+00:00	2026-07-28T21:07:08.602100+00:00	0	200	https://bambinos.github.io/bambi/notebooks/distributional_models.html	text/html; charset=utf-8	15738	0		bodies/e0f880feab801845.body	bodies/e0f880feab801845.headers
https://bambinos.github.io/bambi/notebooks/fixed_random.html	9c886f01f9668c5e	2026-07-28T21:07:08.553523+00:00	2026-07-28T21:07:08.613103+00:00	0	200	https://bambinos.github.io/bambi/notebooks/fixed_random.html	text/html; charset=utf-8	18228	0		bodies/9c886f01f9668c5e.body	bodies/9c886f01f9668c5e.headers
https://bambinos.github.io/bambi/notebooks/hierarchical_binomial_bambi.html	d3b270a2a744b815	2026-07-28T21:07:08.555170+00:00	2026-07-28T21:07:08.641930+00:00	0	200	https://bambinos.github.io/bambi/notebooks/hierarchical_binomial_bambi.html	text/html; charset=utf-8	19848	0		bodies/d3b270a2a744b815.body	bodies/d3b270a2a744b815.headers
https://bambinos.github.io/bambi/notebooks/hsgp_1d.html	074d626af397baf4	2026-07-28T21:07:08.555326+00:00	2026-07-28T21:07:08.615006+00:00	0	200	https://bambinos.github.io/bambi/notebooks/hsgp_1d.html	text/html; charset=utf-8	19108	0		bodies/074d626af397baf4.body	bodies/074d626af397baf4.headers
https://bambinos.github.io/bambi/notebooks/hsgp_2d.html	105ea4336bff1526	2026-07-28T21:07:08.560226+00:00	2026-07-28T21:07:08.613990+00:00	0	200	https://bambinos.github.io/bambi/notebooks/hsgp_2d.html	text/html; charset=utf-8	21168	0		bodies/105ea4336bff1526.body	bodies/105ea4336bff1526.headers
https://bambinos.github.io/bambi/notebooks/logistic_regression.html	9adcc5f53194f0e1	2026-07-28T21:07:08.565065+00:00	2026-07-28T21:07:08.616211+00:00	0	200	https://bambinos.github.io/bambi/notebooks/logistic_regression.html	text/html; charset=utf-8	21496	0		bodies/9adcc5f53194f0e1.body	bodies/9adcc5f53194f0e1.headers
https://bambinos.github.io/bambi/notebooks/mister_p.html	9ded98d261a9f6e1	2026-07-28T21:07:08.565784+00:00	2026-07-28T21:07:08.610040+00:00	0	200	https://bambinos.github.io/bambi/notebooks/mister_p.html	text/html; charset=utf-8	117464	0		bodies/9ded98d261a9f6e1.body	bodies/9ded98d261a9f6e1.headers
https://bambinos.github.io/bambi/notebooks/model_comparison.html	edd7e51b1d885e30	2026-07-28T21:07:08.569578+00:00	2026-07-28T21:07:08.640169+00:00	0	200	https://bambinos.github.io/bambi/notebooks/model_comparison.html	text/html; charset=utf-8	19666	0		bodies/edd7e51b1d885e30.body	bodies/edd7e51b1d885e30.headers
https://bambinos.github.io/bambi/notebooks/multi-level_regression.html	fbbfc70851256a3d	2026-07-28T21:07:08.571485+00:00	2026-07-28T21:07:08.609127+00:00	0	200	https://bambinos.github.io/bambi/notebooks/multi-level_regression.html	text/html; charset=utf-8	21973	0		bodies/fbbfc70851256a3d.body	bodies/fbbfc70851256a3d.headers
https://bambinos.github.io/bambi/notebooks/negative_binomial.html	23004cf4190ce519	2026-07-28T21:07:08.578204+00:00	2026-07-28T21:07:08.638079+00:00	0	200	https://bambinos.github.io/bambi/notebooks/negative_binomial.html	text/html; charset=utf-8	19179	0		bodies/23004cf4190ce519.body	bodies/23004cf4190ce519.headers
https://bambinos.github.io/bambi/notebooks/ordinal_regression.html	8acdb3559a8df8ea	2026-07-28T21:07:08.579350+00:00	2026-07-28T21:07:08.611811+00:00	0	200	https://bambinos.github.io/bambi/notebooks/ordinal_regression.html	text/html; charset=utf-8	24663	0		bodies/8acdb3559a8df8ea.body	bodies/8acdb3559a8df8ea.headers
https://bambinos.github.io/bambi/notebooks/orthogonal_polynomial_reg.html	16b7c6ed7efaa1ab	2026-07-28T21:07:08.579484+00:00	2026-07-28T21:07:08.608534+00:00	0	200	https://bambinos.github.io/bambi/notebooks/orthogonal_polynomial_reg.html	text/html; charset=utf-8	30281	0		bodies/16b7c6ed7efaa1ab.body	bodies/16b7c6ed7efaa1ab.headers
https://bambinos.github.io/bambi/notebooks/plot_comparisons.html	fcfebaa14b98981f	2026-07-28T21:07:08.584793+00:00	2026-07-28T21:07:08.612451+00:00	0	200	https://bambinos.github.io/bambi/notebooks/plot_comparisons.html	text/html; charset=utf-8	22509	0		bodies/fcfebaa14b98981f.body	bodies/fcfebaa14b98981f.headers
https://bambinos.github.io/bambi/notebooks/plot_predictions.html	5cb3cb01fadee538	2026-07-28T21:07:08.592202+00:00	2026-07-28T21:07:08.636212+00:00	0	200	https://bambinos.github.io/bambi/notebooks/plot_predictions.html	text/html; charset=utf-8	24397	0		bodies/5cb3cb01fadee538.body	bodies/5cb3cb01fadee538.headers
https://bambinos.github.io/bambi/notebooks/plot_slopes.html	67ccbf50a4e5b5d9	2026-07-28T21:07:08.602190+00:00	2026-07-28T21:07:08.641534+00:00	0	200	https://bambinos.github.io/bambi/notebooks/plot_slopes.html	text/html; charset=utf-8	23401	0		bodies/67ccbf50a4e5b5d9.body	bodies/67ccbf50a4e5b5d9.headers
https://bambinos.github.io/bambi/notebooks/polynomial_regression.html	6c4e4bb10bff7f54	2026-07-28T21:07:08.608650+00:00	2026-07-28T21:07:08.653573+00:00	0	200	https://bambinos.github.io/bambi/notebooks/polynomial_regression.html	text/html; charset=utf-8	22562	0		bodies/6c4e4bb10bff7f54.body	bodies/6c4e4bb10bff7f54.headers
https://bambinos.github.io/bambi/notebooks/predict_new_groups.html	8fa31ccded9ba3b1	2026-07-28T21:07:08.609232+00:00	2026-07-28T21:07:08.672506+00:00	0	200	https://bambinos.github.io/bambi/notebooks/predict_new_groups.html	text/html; charset=utf-8	22688	0		bodies/8fa31ccded9ba3b1.body	bodies/8fa31ccded9ba3b1.headers
https://bambinos.github.io/bambi/notebooks/quantile_regression.html	e9ab7d961bf8045c	2026-07-28T21:07:08.609709+00:00	2026-07-28T21:07:08.655028+00:00	0	200	https://bambinos.github.io/bambi/notebooks/quantile_regression.html	text/html; charset=utf-8	13739	0		bodies/e9ab7d961bf8045c.body	bodies/e9ab7d961bf8045c.headers
https://bambinos.github.io/bambi/notebooks/radon_example.html	c836ce3618f43618	2026-07-28T21:07:08.610088+00:00	2026-07-28T21:07:08.675752+00:00	0	200	https://bambinos.github.io/bambi/notebooks/radon_example.html	text/html; charset=utf-8	54453	0		bodies/c836ce3618f43618.body	bodies/c836ce3618f43618.headers
https://bambinos.github.io/bambi/notebooks/shooter_crossed_random_ANOVA.html	cdd6d4864bc3e37f	2026-07-28T21:07:08.610539+00:00	2026-07-28T21:07:08.657052+00:00	0	200	https://bambinos.github.io/bambi/notebooks/shooter_crossed_random_ANOVA.html	text/html; charset=utf-8	26447	0		bodies/cdd6d4864bc3e37f.body	bodies/cdd6d4864bc3e37f.headers
https://bambinos.github.io/bambi/notebooks/sleepstudy.html	19a2df6d2ed6c2c1	2026-07-28T21:07:08.611857+00:00	2026-07-28T21:07:08.682260+00:00	0	200	https://bambinos.github.io/bambi/notebooks/sleepstudy.html	text/html; charset=utf-8	16365	0		bodies/19a2df6d2ed6c2c1.body	bodies/19a2df6d2ed6c2c1.headers
https://bambinos.github.io/bambi/notebooks/splines_cherry_blossoms.html	1197f3d71bf125af	2026-07-28T21:07:08.612484+00:00	2026-07-28T21:07:08.677016+00:00	0	200	https://bambinos.github.io/bambi/notebooks/splines_cherry_blossoms.html	text/html; charset=utf-8	20023	0		bodies/1197f3d71bf125af.body	bodies/1197f3d71bf125af.headers
https://bambinos.github.io/bambi/notebooks/survival_continuous_time_notebook.html	217e45ed3eb16c8c	2026-07-28T21:07:08.612896+00:00	2026-07-28T21:07:08.670277+00:00	0	200	https://bambinos.github.io/bambi/notebooks/survival_continuous_time_notebook.html	text/html; charset=utf-8	73307	0		bodies/217e45ed3eb16c8c.body	bodies/217e45ed3eb16c8c.headers
https://bambinos.github.io/bambi/notebooks/survival_discrete_time_notebook.html	208888435d0ab0f3	2026-07-28T21:07:08.613134+00:00	2026-07-28T21:07:08.667674+00:00	0	200	https://bambinos.github.io/bambi/notebooks/survival_discrete_time_notebook.html	text/html; charset=utf-8	55187	0		bodies/208888435d0ab0f3.body	bodies/208888435d0ab0f3.headers
https://bambinos.github.io/bambi/notebooks/survival_model.html	00850dc9a8d35edb	2026-07-28T21:07:08.614043+00:00	2026-07-28T21:07:08.657093+00:00	0	200	https://bambinos.github.io/bambi/notebooks/survival_model.html	text/html; charset=utf-8	22533	0		bodies/00850dc9a8d35edb.body	bodies/00850dc9a8d35edb.headers
https://bambinos.github.io/bambi/notebooks/t_regression.html	77f81f3219614212	2026-07-28T21:07:08.615046+00:00	2026-07-28T21:07:08.667074+00:00	0	200	https://bambinos.github.io/bambi/notebooks/t_regression.html	text/html; charset=utf-8	16187	0		bodies/77f81f3219614212.body	bodies/77f81f3219614212.headers
https://bambinos.github.io/bambi/notebooks/wald_gamma_glm.html	79f29f376366ff09	2026-07-28T21:07:08.616255+00:00	2026-07-28T21:07:08.656816+00:00	0	200	https://bambinos.github.io/bambi/notebooks/wald_gamma_glm.html	text/html; charset=utf-8	15961	0		bodies/79f29f376366ff09.body	bodies/79f29f376366ff09.headers
https://bambinos.github.io/bambi/notebooks/zero_inflated_regression.html	8c81166449399de1	2026-07-28T21:07:08.636314+00:00	2026-07-28T21:07:08.679042+00:00	0	200	https://bambinos.github.io/bambi/notebooks/zero_inflated_regression.html	text/html; charset=utf-8	22142	0		bodies/8c81166449399de1.body	bodies/8c81166449399de1.headers
https://baselinenowcast.epinowcast.org/articles/baselinenowcast.html	aa6d94b474ad749f	2026-07-28T21:07:08.638168+00:00	2026-07-28T21:07:08.673832+00:00	0	200	https://baselinenowcast.epinowcast.org/articles/baselinenowcast.html	text/html; charset=utf-8	10350	0		bodies/aa6d94b474ad749f.body	bodies/aa6d94b474ad749f.headers
https://becarioprecario.bitbucket.io/inla-gitbook/ch-INLA.html	18654bfd51b9c301	2026-07-28T21:07:08.640235+00:00	2026-07-28T21:07:10.721508+00:00	0	200	https://becarioprecario.bitbucket.io/inla-gitbook/ch-INLA.html	text/html	30319	0		bodies/18654bfd51b9c301.body	bodies/18654bfd51b9c301.headers
https://becarioprecario.bitbucket.io/inla-gitbook/ch-multilevel.html	aad80990d6d2f492	2026-07-28T21:07:08.641594+00:00	2026-07-28T21:07:10.734658+00:00	0	200	https://becarioprecario.bitbucket.io/inla-gitbook/ch-multilevel.html	text/html	28879	0		bodies/aad80990d6d2f492.body	bodies/aad80990d6d2f492.headers
https://becarioprecario.bitbucket.io/inla-gitbook/ch-smoothing.html	51c7f12e12678148	2026-07-28T21:07:08.642013+00:00	2026-07-28T21:07:10.470877+00:00	0	200	https://becarioprecario.bitbucket.io/inla-gitbook/ch-smoothing.html	text/html	20050	0		bodies/51c7f12e12678148.body	bodies/51c7f12e12678148.headers
https://becarioprecario.bitbucket.io/inla-gitbook/ch-spatial.html	43d93a9dd45dea3e	2026-07-28T21:07:08.653672+00:00	2026-07-28T21:07:10.747153+00:00	0	200	https://becarioprecario.bitbucket.io/inla-gitbook/ch-spatial.html	text/html	39466	0		bodies/43d93a9dd45dea3e.body	bodies/43d93a9dd45dea3e.headers
https://becarioprecario.bitbucket.io/inla-gitbook/ch-survival.html	a5f555b753ac8a78	2026-07-28T21:07:08.655105+00:00	2026-07-28T21:07:10.455261+00:00	0	200	https://becarioprecario.bitbucket.io/inla-gitbook/ch-survival.html	text/html	26032	0		bodies/a5f555b753ac8a78.body	bodies/a5f555b753ac8a78.headers
https://becarioprecario.bitbucket.io/inla-gitbook/ch-temporal.html	02874217959766ce	2026-07-28T21:07:08.656916+00:00	2026-07-28T21:07:10.739317+00:00	0	200	https://becarioprecario.bitbucket.io/inla-gitbook/ch-temporal.html	text/html	23119	0		bodies/02874217959766ce.body	bodies/02874217959766ce.headers
https://bruno.nicenboim.me/bayescogsci/	7c8f7f23fc2119a9	2026-07-28T21:07:08.657145+00:00	2026-07-28T21:07:08.823311+00:00	0	200	https://bruno.nicenboim.me/bayescogsci/	text/html; charset=utf-8	34439	0		bodies/7c8f7f23fc2119a9.body	bodies/7c8f7f23fc2119a9.headers
https://cran.r-project.org/package=lme4	ff1ee0847632024d	2026-07-28T21:07:08.657201+00:00	2026-07-28T21:07:08.791020+00:00	0	200	https://cran.r-project.org/web/packages/lme4/index.html	text/html	9017	1		bodies/ff1ee0847632024d.body	bodies/ff1ee0847632024d.headers
https://cran.r-project.org/web/packages/MCMCglmm/vignettes/Overview.pdf	4e9e4ebaf3a7f86d	2026-07-28T21:07:08.667139+00:00	2026-07-28T21:07:08.769218+00:00	0	404	https://cran.r-project.org/web/packages/MCMCglmm/vignettes/Overview.pdf	text/html; charset=utf-8	992	0		bodies/4e9e4ebaf3a7f86d.body	bodies/4e9e4ebaf3a7f86d.headers
https://cran.r-project.org/web/packages/glmmTMB/vignettes/covstruct.html	232e4d955a5fd844	2026-07-28T21:07:08.667733+00:00	2026-07-28T21:07:08.805542+00:00	0	200	https://cran.r-project.org/web/packages/glmmTMB/vignettes/covstruct.html	text/html	50809	0		bodies/232e4d955a5fd844.body	bodies/232e4d955a5fd844.headers
https://cran.r-project.org/web/packages/glmmTMB/vignettes/glmmTMB.html	48ac13f72d132359	2026-07-28T21:07:08.670334+00:00	2026-07-28T21:07:08.769562+00:00	0	404	https://cran.r-project.org/web/packages/glmmTMB/vignettes/glmmTMB.html	text/html; charset=utf-8	992	0		bodies/48ac13f72d132359.body	bodies/48ac13f72d132359.headers
https://cran.r-project.org/web/packages/lme4/vignettes/lmer.pdf	1bcd4bbeacdac166	2026-07-28T21:07:08.672557+00:00	2026-07-28T21:07:08.858445+00:00	0	200	https://cran.r-project.org/web/packages/lme4/vignettes/lmer.pdf	application/pdf	529855	0		bodies/1bcd4bbeacdac166.body	bodies/1bcd4bbeacdac166.headers
https://dataverse.harvard.edu/	cc9835b1f040de20	2026-07-28T21:07:08.673883+00:00	2026-07-28T21:07:09.085778+00:00	0	202	https://dataverse.harvard.edu/	text/html; charset=UTF-8	0	0		bodies/cc9835b1f040de20.body	bodies/cc9835b1f040de20.headers
https://doi.org/10.18637/jss.v067.i01	66ce915b7b062ac9	2026-07-28T21:07:08.675823+00:00	2026-07-28T21:07:09.060689+00:00	0	200	https://www.jstatsoft.org/article/view/v067i01	text/html; charset=utf-8	40423	4		bodies/66ce915b7b062ac9.body	bodies/66ce915b7b062ac9.headers
https://doi.org/10.18637/jss.v080.i01	cd26f73a876302b9	2026-07-28T21:07:08.677061+00:00	2026-07-28T21:07:09.045878+00:00	0	200	https://www.jstatsoft.org/article/view/v080i01	text/html; charset=utf-8	39519	4		bodies/cd26f73a876302b9.body	bodies/cd26f73a876302b9.headers
https://doi.org/10.32614/RJ-2018-017	7e2ed975714c0346	2026-07-28T21:07:08.679121+00:00	2026-07-28T21:07:09.037213+00:00	0	200	https://journal.r-project.org/articles/RJ-2018-017/index.html	text/html	673596	2		bodies/7e2ed975714c0346.body	bodies/7e2ed975714c0346.headers
https://epidist.epinowcast.org/articles/epidist.html	21659550741c52a9	2026-07-28T21:07:08.682310+00:00	2026-07-28T21:07:08.702187+00:00	0	200	https://epidist.epinowcast.org/articles/epidist.html	text/html; charset=utf-8	18130	0		bodies/21659550741c52a9.body	bodies/21659550741c52a9.headers
https://gist.githubusercontent.com/ucals/2cf9d101992cb1b78c2cdd6e3bac6a4b/raw/43034c39052dcf97d4b894d2ec1bc3f90f3623d9/osic_pulmonary_fibrosis.csv	87af6dcab068e690	2026-07-28T21:07:08.688397+00:00	2026-07-28T21:07:08.871319+00:00	0	200	https://gist.githubusercontent.com/ucals/2cf9d101992cb1b78c2cdd6e3bac6a4b/raw/43034c39052dcf97d4b894d2ec1bc3f90f3623d9/osic_pulmonary_fibrosis.csv	text/plain; charset=utf-8	108892	0		bodies/87af6dcab068e690.body	bodies/87af6dcab068e690.headers
https://github.com/ComputationalPsychiatry/ActionModels.jl/blob/main/docs/julia_files/C_premade_models/pvl_delta.jl	a5866f2eacdc6788	2026-07-28T21:07:08.688848+00:00	2026-07-28T21:07:09.208891+00:00	0	200	https://github.com/ComputationalPsychiatry/ActionModels.jl/blob/main/docs/julia_files/C_premade_models/pvl_delta.jl	text/html; charset=utf-8	59631	0		bodies/a5866f2eacdc6788.body	bodies/a5866f2eacdc6788.headers
https://github.com/ComputationalPsychiatry/ActionModels.jl/blob/main/docs/julia_files/D_tutorials_examples/example_jget.jl	13a9dbe24a95839e	2026-07-28T21:07:08.702298+00:00	2026-07-28T21:07:09.212113+00:00	0	200	https://github.com/ComputationalPsychiatry/ActionModels.jl/blob/main/docs/julia_files/D_tutorials_examples/example_jget.jl	text/html; charset=utf-8	63683	0		bodies/13a9dbe24a95839e.body	bodies/13a9dbe24a95839e.headers
https://github.com/ComputationalPsychiatry/ActionModels.jl/tree/main/docs/example_data/JGET	b3e1b458a090e642	2026-07-28T21:07:08.702538+00:00	2026-07-28T21:07:09.323770+00:00	0	200	https://github.com/ComputationalPsychiatry/ActionModels.jl/tree/main/docs/example_data/JGET	text/html; charset=utf-8	46828	0		bodies/b3e1b458a090e642.body	bodies/b3e1b458a090e642.headers
https://github.com/ComputationalPsychiatry/ActionModels.jl/tree/main/docs/example_data/ahn_et_al_2014	419d67b6c0215b45	2026-07-28T21:07:08.769325+00:00	2026-07-28T21:07:09.276590+00:00	0	200	https://github.com/ComputationalPsychiatry/ActionModels.jl/tree/main/docs/example_data/ahn_et_al_2014	text/html; charset=utf-8	49318	0		bodies/419d67b6c0215b45.body	bodies/419d67b6c0215b45.headers
https://github.com/bambinos/bambi	feeb2cf34486a3bb	2026-07-28T21:07:08.769611+00:00	2026-07-28T21:07:09.463852+00:00	0	200	https://github.com/bambinos/bambi	text/html; charset=utf-8	64384	0		bodies/feeb2cf34486a3bb.body	bodies/feeb2cf34486a3bb.headers
https://github.com/rmcelreath/rethinking/blob/master/data/Howell1.csv	5db97c2d0a915324	2026-07-28T21:07:08.791120+00:00	2026-07-28T21:07:09.386829+00:00	0	200	https://github.com/rmcelreath/rethinking/blob/master/data/Howell1.csv	text/html; charset=utf-8	68780	0		bodies/5db97c2d0a915324.body	bodies/5db97c2d0a915324.headers
https://github.com/rmcelreath/rethinking/blob/master/data/Kline.csv	e040c081da10ecd6	2026-07-28T21:07:08.805646+00:00	2026-07-28T21:07:09.303108+00:00	0	200	https://github.com/rmcelreath/rethinking/blob/master/data/Kline.csv	text/html; charset=utf-8	48767	0		bodies/e040c081da10ecd6.body	bodies/e040c081da10ecd6.headers
https://github.com/rmcelreath/rethinking/blob/master/data/Kline2.csv	61143fd4db16e5a5	2026-07-28T21:07:08.823422+00:00	2026-07-28T21:07:09.351093+00:00	0	200	https://github.com/rmcelreath/rethinking/blob/master/data/Kline2.csv	text/html; charset=utf-8	49276	0		bodies/61143fd4db16e5a5.body	bodies/61143fd4db16e5a5.headers
https://github.com/rmcelreath/rethinking/blob/master/data/Lynx_Hare.csv	ec29bec29153b9f6	2026-07-28T21:07:08.858582+00:00	2026-07-28T21:07:09.338410+00:00	0	200	https://github.com/rmcelreath/rethinking/blob/master/data/Lynx_Hare.csv	text/html; charset=utf-8	48966	0		bodies/ec29bec29153b9f6.body	bodies/ec29bec29153b9f6.headers
https://github.com/rmcelreath/rethinking/blob/master/data/Moralizing_gods.csv	6a033d79971bc526	2026-07-28T21:07:08.871433+00:00	2026-07-28T21:07:09.422815+00:00	0	200	https://github.com/rmcelreath/rethinking/blob/master/data/Moralizing_gods.csv	text/html; charset=utf-8	76309	0		bodies/6a033d79971bc526.body	bodies/6a033d79971bc526.headers
https://github.com/rmcelreath/rethinking/blob/master/data/Panda_nuts.csv	79345155d7ab78c3	2026-07-28T21:07:09.037331+00:00	2026-07-28T21:07:09.546000+00:00	0	200	https://github.com/rmcelreath/rethinking/blob/master/data/Panda_nuts.csv	text/html; charset=utf-8	51263	0		bodies/79345155d7ab78c3.body	bodies/79345155d7ab78c3.headers
https://github.com/rmcelreath/rethinking/blob/master/data/Primates301.csv	a3c89aa1066b7955	2026-07-28T21:07:09.045987+00:00	2026-07-28T21:07:09.596432+00:00	0	200	https://github.com/rmcelreath/rethinking/blob/master/data/Primates301.csv	text/html; charset=utf-8	74281	0		bodies/a3c89aa1066b7955.body	bodies/a3c89aa1066b7955.headers
https://github.com/rmcelreath/rethinking/blob/master/data/Trolley.csv	b4cb7dd35e2ac93e	2026-07-28T21:07:09.060798+00:00	2026-07-28T21:07:09.711855+00:00	0	200	https://github.com/rmcelreath/rethinking/blob/master/data/Trolley.csv	text/html; charset=utf-8	47918	0		bodies/b4cb7dd35e2ac93e.body	bodies/b4cb7dd35e2ac93e.headers
https://github.com/rmcelreath/rethinking/blob/master/data/UCBadmit.csv	58bff37831d15a02	2026-07-28T21:07:09.085885+00:00	2026-07-28T21:07:09.563969+00:00	0	200	https://github.com/rmcelreath/rethinking/blob/master/data/UCBadmit.csv	text/html; charset=utf-8	48838	0		bodies/58bff37831d15a02.body	bodies/58bff37831d15a02.headers
https://github.com/rmcelreath/rethinking/blob/master/data/WaffleDivorce.csv	ce6853b83859ee0b	2026-07-28T21:07:09.209014+00:00	2026-07-28T21:07:09.761807+00:00	0	200	https://github.com/rmcelreath/rethinking/blob/master/data/WaffleDivorce.csv	text/html; charset=utf-8	52895	0		bodies/ce6853b83859ee0b.body	bodies/ce6853b83859ee0b.headers
https://github.com/rmcelreath/rethinking/blob/master/data/cherry_blossoms.csv	6bc32393aa2ab3c5	2026-07-28T21:07:09.212176+00:00	2026-07-28T21:07:09.769345+00:00	0	200	https://github.com/rmcelreath/rethinking/blob/master/data/cherry_blossoms.csv	text/html; charset=utf-8	84221	0		bodies/6bc32393aa2ab3c5.body	bodies/6bc32393aa2ab3c5.headers
https://github.com/rmcelreath/rethinking/blob/master/data/chimpanzees.csv	4fc9f230ed8987bf	2026-07-28T21:07:09.276703+00:00	2026-07-28T21:07:09.779696+00:00	0	200	https://github.com/rmcelreath/rethinking/blob/master/data/chimpanzees.csv	text/html; charset=utf-8	61356	0		bodies/4fc9f230ed8987bf.body	bodies/4fc9f230ed8987bf.headers
https://github.com/rmcelreath/rethinking/blob/master/data/milk.csv	08e559256130156b	2026-07-28T21:07:09.303216+00:00	2026-07-28T21:07:09.793272+00:00	0	200	https://github.com/rmcelreath/rethinking/blob/master/data/milk.csv	text/html; charset=utf-8	50700	0		bodies/08e559256130156b.body	bodies/08e559256130156b.headers
https://github.com/rmcelreath/rethinking/blob/master/data/reedfrogs.csv	4dc04b08e2b52336	2026-07-28T21:07:09.323884+00:00	2026-07-28T21:07:09.840222+00:00	0	200	https://github.com/rmcelreath/rethinking/blob/master/data/reedfrogs.csv	text/html; charset=utf-8	49685	0		bodies/4dc04b08e2b52336.body	bodies/4dc04b08e2b52336.headers
https://github.com/rmcelreath/rethinking/blob/master/data/rugged.csv	ee898b7e00671240	2026-07-28T21:07:09.338519+00:00	2026-07-28T21:07:09.855445+00:00	0	200	https://github.com/rmcelreath/rethinking/blob/master/data/rugged.csv	text/html; charset=utf-8	94092	0		bodies/ee898b7e00671240.body	bodies/ee898b7e00671240.headers
https://github.com/rmcelreath/rethinking/blob/master/data/tulips.csv	dffd161048883b00	2026-07-28T21:07:09.351203+00:00	2026-07-28T21:07:09.794003+00:00	0	200	https://github.com/rmcelreath/rethinking/blob/master/data/tulips.csv	text/html; charset=utf-8	49134	0		bodies/dffd161048883b00.body	bodies/dffd161048883b00.headers
https://jarrodhadfield.github.io/MCMCglmm/course-notes/	a8abcfe0528a238b	2026-07-28T21:07:09.386943+00:00	2026-07-28T21:07:09.408598+00:00	0	404	https://jarrodhadfield.github.io/MCMCglmm/course-notes/	text/html; charset=utf-8	1205	0		bodies/a8abcfe0528a238b.body	bodies/a8abcfe0528a238b.headers
https://jse.amstat.org/datasets/calcium.dat.txt	35ca995240a0233d	2026-07-28T21:07:09.408742+00:00	2026-07-28T21:07:09.469849+00:00	0	200	https://jse.amstat.org/datasets/calcium.dat.txt	text/plain	2133	0		bodies/35ca995240a0233d.body	bodies/35ca995240a0233d.headers
https://jsocolar.github.io/flocker/articles/flocker_tutorial.html	cb5f14c76d07d76a	2026-07-28T21:07:09.422927+00:00	2026-07-28T21:07:09.443993+00:00	0	200	https://jsocolar.github.io/flocker/articles/flocker_tutorial.html	text/html; charset=utf-8	14874	0		bodies/cb5f14c76d07d76a.body	bodies/cb5f14c76d07d76a.headers
https://juliastats.org/GLM.jl/stable/	33ff3f97bacd333b	2026-07-28T21:07:09.444117+00:00	2026-07-28T21:07:09.466417+00:00	0	200	https://juliastats.org/GLM.jl/stable/	text/html; charset=utf-8	5784	0		bodies/33ff3f97bacd333b.body	bodies/33ff3f97bacd333b.headers
https://juliastats.org/GLM.jl/stable/examples/	d80df632a709899d	2026-07-28T21:07:09.463977+00:00	2026-07-28T21:07:09.490333+00:00	0	200	https://juliastats.org/GLM.jl/stable/examples/	text/html; charset=utf-8	6825	0		bodies/d80df632a709899d.body	bodies/d80df632a709899d.headers
https://juliastats.org/MixedModels.jl/stable/constructors/	540ca05613950306	2026-07-28T21:07:09.466472+00:00	2026-07-28T21:07:09.490697+00:00	0	200	https://juliastats.org/MixedModels.jl/stable/constructors/	text/html; charset=utf-8	21759	0		bodies/540ca05613950306.body	bodies/540ca05613950306.headers
https://mc-stan.org/rstanarm/articles/aov.html	18b3c00ebaddc006	2026-07-28T21:07:09.469924+00:00	2026-07-28T21:07:09.492888+00:00	0	200	https://mc-stan.org/rstanarm/articles/aov.html	text/html; charset=utf-8	6775	0		bodies/18b3c00ebaddc006.body	bodies/18b3c00ebaddc006.headers
https://mc-stan.org/rstanarm/articles/betareg.html	028253a2a849dde4	2026-07-28T21:07:09.490464+00:00	2026-07-28T21:07:09.518941+00:00	0	200	https://mc-stan.org/rstanarm/articles/betareg.html	text/html; charset=utf-8	7924	0		bodies/028253a2a849dde4.body	bodies/028253a2a849dde4.headers
https://mc-stan.org/rstanarm/articles/binomial.html	1fefea1d477eb975	2026-07-28T21:07:09.490762+00:00	2026-07-28T21:07:09.513207+00:00	0	200	https://mc-stan.org/rstanarm/articles/binomial.html	text/html; charset=utf-8	12182	0		bodies/1fefea1d477eb975.body	bodies/1fefea1d477eb975.headers
https://mc-stan.org/rstanarm/articles/continuous.html	e503f37a40555a09	2026-07-28T21:07:09.492940+00:00	2026-07-28T21:07:09.513005+00:00	0	200	https://mc-stan.org/rstanarm/articles/continuous.html	text/html; charset=utf-8	11789	0		bodies/e503f37a40555a09.body	bodies/e503f37a40555a09.headers
https://mc-stan.org/rstanarm/articles/count.html	02ee3387e2c5d9e8	2026-07-28T21:07:09.513135+00:00	2026-07-28T21:07:09.533926+00:00	0	200	https://mc-stan.org/rstanarm/articles/count.html	text/html; charset=utf-8	8571	0		bodies/02ee3387e2c5d9e8.body	bodies/02ee3387e2c5d9e8.headers
https://mc-stan.org/rstanarm/articles/glmer.html	0639de7716994ca1	2026-07-28T21:07:09.513258+00:00	2026-07-28T21:07:09.536146+00:00	0	200	https://mc-stan.org/rstanarm/articles/glmer.html	text/html; charset=utf-8	12278	0		bodies/0639de7716994ca1.body	bodies/0639de7716994ca1.headers
https://mc-stan.org/rstanarm/articles/lm.html	4db2d5cb4c47387d	2026-07-28T21:07:09.519017+00:00	2026-07-28T21:07:09.540372+00:00	0	200	https://mc-stan.org/rstanarm/articles/lm.html	text/html; charset=utf-8	11724	0		bodies/4db2d5cb4c47387d.body	bodies/4db2d5cb4c47387d.headers
https://mc-stan.org/rstanarm/articles/polr.html	b05e5da4e448526e	2026-07-28T21:07:09.534032+00:00	2026-07-28T21:07:09.555935+00:00	0	200	https://mc-stan.org/rstanarm/articles/polr.html	text/html; charset=utf-8	9375	0		bodies/b05e5da4e448526e.body	bodies/b05e5da4e448526e.headers
https://mc-stan.org/rstanarm/articles/pooling.html	3045109f9a5d59e5	2026-07-28T21:07:09.536226+00:00	2026-07-28T21:07:09.680576+00:00	0	200	https://mc-stan.org/rstanarm/articles/pooling.html	text/html; charset=utf-8	31406	0		bodies/3045109f9a5d59e5.body	bodies/3045109f9a5d59e5.headers
https://mc-stan.org/rstanarm/articles/priors.html	a490908077def6d1	2026-07-28T21:07:09.540481+00:00	2026-07-28T21:07:09.562070+00:00	0	200	https://mc-stan.org/rstanarm/articles/priors.html	text/html; charset=utf-8	10316	0		bodies/a490908077def6d1.body	bodies/a490908077def6d1.headers
https://mc-stan.org/rstanarm/articles/rstanarm.html	e28865bc4bbf6e15	2026-07-28T21:07:09.546094+00:00	2026-07-28T21:07:09.568056+00:00	0	200	https://mc-stan.org/rstanarm/articles/rstanarm.html	text/html; charset=utf-8	15831	0		bodies/e28865bc4bbf6e15.body	bodies/e28865bc4bbf6e15.headers
https://ndownloader.figshare.com/files/28870713	38bb0b779392b4e0	2026-07-28T21:07:09.556073+00:00	2026-07-28T21:07:10.010493+00:00	0	200	https://s3-eu-west-1.amazonaws.com/pfigshare-u-files/28870713/carclaims.csv?X-Amz-Algorithm=AWS4-HMAC-SHA256&X-Amz-Credential=AKIAIYCQYOYV5JSSROOA/20260728/eu-west-1/s3/aws4_request&X-Amz-Date=20260728T210709Z&X-Amz-Expires=10&X-Amz-SignedHeaders=host&X-Amz-Signature=b88b98dd217d4aef4cb0dc90dbaa95c092557d76fb0e91caae7ce169734172e9	text/csv	2665277	1		bodies/38bb0b779392b4e0.body	bodies/38bb0b779392b4e0.headers
https://ndownloader.figshare.com/files/28870722	ab24ae90f21175f1	2026-07-28T21:07:09.562166+00:00	2026-07-28T21:07:09.849664+00:00	0	200	https://s3-eu-west-1.amazonaws.com/pfigshare-u-files/28870722/ESCS.csv?X-Amz-Algorithm=AWS4-HMAC-SHA256&X-Amz-Credential=AKIAIYCQYOYV5JSSROOA/20260728/eu-west-1/s3/aws4_request&X-Amz-Date=20260728T210709Z&X-Amz-Expires=10&X-Amz-SignedHeaders=host&X-Amz-Signature=6359ae198d54ce36c590559a72cce33988dd6049e1baa0b55865162410d48d6b	text/csv	45305	1		bodies/ab24ae90f21175f1.body	bodies/ab24ae90f21175f1.headers
https://ndownloader.figshare.com/files/28870740	523bd4ad4383047d	2026-07-28T21:07:09.564049+00:00	2026-07-28T21:07:09.796544+00:00	0	200	https://s3-eu-west-1.amazonaws.com/pfigshare-u-files/28870740/ANES_2016_pilot.csv?X-Amz-Algorithm=AWS4-HMAC-SHA256&X-Amz-Credential=AKIAIYCQYOYV5JSSROOA/20260728/eu-west-1/s3/aws4_request&X-Amz-Date=20260728T210709Z&X-Amz-Expires=10&X-Amz-SignedHeaders=host&X-Amz-Signature=638a9438f0104fb9a49d298a6d7c3241f6ef60055d122068d1c7c30ddeced8fe	text/csv	10660	1		bodies/523bd4ad4383047d.body	bodies/523bd4ad4383047d.headers
https://ndownloader.figshare.com/files/28870743	f6842d8f9a908dca	2026-07-28T21:07:09.568135+00:00	2026-07-28T21:07:09.945378+00:00	0	200	https://s3-eu-west-1.amazonaws.com/pfigshare-u-files/28870743/adults.csv?X-Amz-Algorithm=AWS4-HMAC-SHA256&X-Amz-Credential=AKIAIYCQYOYV5JSSROOA/20260728/eu-west-1/s3/aws4_request&X-Amz-Date=20260728T210709Z&X-Amz-Expires=10&X-Amz-SignedHeaders=host&X-Amz-Signature=6e237a48de1a6b4b3c421239341eb89ebd3f47e1bebae1df8eb43f0f5abb9a55	text/csv	779724	1		bodies/f6842d8f9a908dca.body	bodies/f6842d8f9a908dca.headers
https://ndownloader.figshare.com/files/29749140	ef04e9c1d39b0bb1	2026-07-28T21:07:09.596560+00:00	2026-07-28T21:07:10.109532+00:00	0	200	https://s3-eu-west-1.amazonaws.com/pfigshare-u-files/29749140/Batting.csv?X-Amz-Algorithm=AWS4-HMAC-SHA256&X-Amz-Credential=AKIAIYCQYOYV5JSSROOA/20260728/eu-west-1/s3/aws4_request&X-Amz-Date=20260728T210709Z&X-Amz-Expires=10&X-Amz-SignedHeaders=host&X-Amz-Signature=a1ce4c275feb631ab06d6aeb86bfeda72985946b242bcaa72d07511fd7484ac3	text/csv	6697820	1		bodies/ef04e9c1d39b0bb1.body	bodies/ef04e9c1d39b0bb1.headers
https://ndownloader.figshare.com/files/31072807	bb4e0483962a30d3	2026-07-28T21:07:09.680694+00:00	2026-07-28T21:07:09.937173+00:00	0	200	https://s3-eu-west-1.amazonaws.com/pfigshare-u-files/31072807/cherry_blossoms.csv?X-Amz-Algorithm=AWS4-HMAC-SHA256&X-Amz-Credential=AKIAIYCQYOYV5JSSROOA/20260728/eu-west-1/s3/aws4_request&X-Amz-Date=20260728T210709Z&X-Amz-Expires=10&X-Amz-SignedHeaders=host&X-Amz-Signature=356ad5eb27765709ac4cddf567d24a96f2df86db1a27f6c24504fb9ccff86b32	text/csv	27535	1		bodies/bb4e0483962a30d3.body	bodies/bb4e0483962a30d3.headers
https://ndownloader.figshare.com/files/31181002	8a46b53730594dde	2026-07-28T21:07:09.711988+00:00	2026-07-28T21:07:09.941927+00:00	0	200	https://s3-eu-west-1.amazonaws.com/pfigshare-u-files/31181002/sleepstudy.csv?X-Amz-Algorithm=AWS4-HMAC-SHA256&X-Amz-Credential=AKIAIYCQYOYV5JSSROOA/20260728/eu-west-1/s3/aws4_request&X-Amz-Date=20260728T210709Z&X-Amz-Expires=10&X-Amz-SignedHeaders=host&X-Amz-Signature=eee668faaad96c7baf3f0fbb737b09391e255a9f63803e70f399ca9e86fe5596	text/csv	2695	1		bodies/8a46b53730594dde.body	bodies/8a46b53730594dde.headers
https://ndownloader.figshare.com/files/34446077	89b66e5492f2014b	2026-07-28T21:07:09.761931+00:00	2026-07-28T21:07:10.007435+00:00	0	200	https://s3-eu-west-1.amazonaws.com/pfigshare-u-files/34446077/periwinkles.csv?X-Amz-Algorithm=AWS4-HMAC-SHA256&X-Amz-Credential=AKIAIYCQYOYV5JSSROOA/20260728/eu-west-1/s3/aws4_request&X-Amz-Date=20260728T210709Z&X-Amz-Expires=10&X-Amz-SignedHeaders=host&X-Amz-Signature=2d42f43ca88fbae7caeb4130d6f66591ce322a03f347c87fd327c05ff50ea940	text/csv	693	1		bodies/89b66e5492f2014b.body	bodies/89b66e5492f2014b.headers
https://ndownloader.figshare.com/files/38737026	ef8fbe9b3a2b1030	2026-07-28T21:07:09.769465+00:00	2026-07-28T21:07:10.164356+00:00	0	200	https://s3-eu-west-1.amazonaws.com/pfigshare-u-files/38737026/bikes_hour.csv?X-Amz-Algorithm=AWS4-HMAC-SHA256&X-Amz-Credential=AKIAIYCQYOYV5JSSROOA/20260728/eu-west-1/s3/aws4_request&X-Amz-Date=20260728T210709Z&X-Amz-Expires=10&X-Amz-SignedHeaders=host&X-Amz-Signature=1237092384e292af6bf3ca1ea87bb5e9e4eeb6079d8fa6adcdd24687066af349	text/csv	1139371	1		bodies/ef8fbe9b3a2b1030.body	bodies/ef8fbe9b3a2b1030.headers
https://ndownloader.figshare.com/files/40208785	282243350cf25f35	2026-07-28T21:07:09.779760+00:00	2026-07-28T21:07:10.014761+00:00	0	200	https://s3-eu-west-1.amazonaws.com/pfigshare-u-files/40208785/mtcars.csv?X-Amz-Algorithm=AWS4-HMAC-SHA256&X-Amz-Credential=AKIAIYCQYOYV5JSSROOA/20260728/eu-west-1/s3/aws4_request&X-Amz-Date=20260728T210709Z&X-Amz-Expires=10&X-Amz-SignedHeaders=host&X-Amz-Signature=a5a1ffffa87f705284664222b3fecb000282ad2e7f4800c4ad3855ec59d9d1b1	text/csv	1281	1		bodies/282243350cf25f35.body	bodies/282243350cf25f35.headers
https://nicholasjclark.github.io/mvgam/articles/mvgam_overview.html	098470420cb1e04e	2026-07-28T21:07:09.793350+00:00	2026-07-28T21:07:09.815050+00:00	0	200	https://nicholasjclark.github.io/mvgam/articles/mvgam_overview.html	text/html; charset=utf-8	28745	0		bodies/098470420cb1e04e.body	bodies/098470420cb1e04e.headers
https://nicholasjclark.github.io/mvgam/articles/nmixtures.html	0c690d9e15b1a59c	2026-07-28T21:07:09.794041+00:00	2026-07-28T21:07:09.817237+00:00	0	200	https://nicholasjclark.github.io/mvgam/articles/nmixtures.html	text/html; charset=utf-8	19622	0		bodies/0c690d9e15b1a59c.body	bodies/0c690d9e15b1a59c.headers
https://nicholasjclark.github.io/mvgam/articles/shared_states.html	afdf776f6beb6208	2026-07-28T21:07:09.796581+00:00	2026-07-28T21:07:09.819864+00:00	0	200	https://nicholasjclark.github.io/mvgam/articles/shared_states.html	text/html; charset=utf-8	12743	0		bodies/afdf776f6beb6208.body	bodies/afdf776f6beb6208.headers
https://nicholasjclark.github.io/mvgam/articles/time_varying_effects.html	8da48f80e431e471	2026-07-28T21:07:09.815158+00:00	2026-07-28T21:07:09.836438+00:00	0	200	https://nicholasjclark.github.io/mvgam/articles/time_varying_effects.html	text/html; charset=utf-8	13300	0		bodies/8da48f80e431e471.body	bodies/8da48f80e431e471.headers
https://nicholasjclark.github.io/mvgam/articles/trend_formulas.html	ba81568d9ce32fab	2026-07-28T21:07:09.817308+00:00	2026-07-28T21:07:09.839112+00:00	0	200	https://nicholasjclark.github.io/mvgam/articles/trend_formulas.html	text/html; charset=utf-8	19618	0		bodies/ba81568d9ce32fab.body	bodies/ba81568d9ce32fab.headers
https://osf.io/6r9ka/?action=download	832e486cf4ebff64	2026-07-28T21:07:09.819938+00:00	2026-07-28T21:07:11.642902+00:00	0	200	https://storage.googleapis.com/cos-osf-prod-files-de-1/ec0f12e7c3f1a201dbd59324e0ae6e765fbb9444eb708bee56ea271dfd8ff2d9?response-content-disposition=attachment%3B%20filename%3D%22PairsRSS1_all.dat%22%3B%20filename%2A%3DUTF-8%27%27PairsRSS1_all.dat&GoogleAccessId=files-de-1%40cos-osf-prod.iam.gserviceaccount.com&Expires=1785272891&Signature=EHfMSEoc4bkLHfROzQJh6lRbFiXHG7Kb6VLRXZCn41EdfSnSXOqQd3Ei9W9XmKqiJWxQVLdKMONVMJ6NeZN3H9srVaRTRcbsER2g9J9h39ggwFT2ksrwm5W28zaGjFhUQyqhMOtpK36mjaeoiv%2FtzhJwcYLT%2B9cXQwiiZaHa0jTO8M6LYlf7nzR6AvoNpaL072E8gSK3W58ZghogPqriP32bv2YGzxo%2FQsS5dHYUt5WAo30VNehmththYDD%2BKykVLcb8XAxQXCEqTBRU6RQvgubA6ZrK3krEVUdbyyz7%2F4V2i1%2F2sySXo7LTIIZBn7mieUHQS1bw%2B9TVZ5VpgawAdA%3D%3D	application/octet-stream	467985	4		bodies/832e486cf4ebff64.body	bodies/832e486cf4ebff64.headers
https://osf.io/du3qp/?action=download	6e329f04779e5bb2	2026-07-28T21:07:09.836503+00:00	2026-07-28T21:07:15.120688+00:00	0	200	https://files.osf.io/v1/resources/dcbfz/providers/github/data/MetaAnalysisData.csv	text/csv	6903	3		bodies/6e329f04779e5bb2.body	bodies/6e329f04779e5bb2.headers
https://osf.io/n8xa7/?action=download	856905ab6517f2eb	2026-07-28T21:07:09.839209+00:00	2026-07-28T21:07:12.180695+00:00	0	200	https://storage.googleapis.com/cos-osf-prod-files-us-east1/6217694a8f668e147396784100cd549ddf9d1ac98030c61f1cb507cdcb622f42?response-content-disposition=attachment%3B%20filename%3D%22ML3%20Stroop%20Raw%20Reaction%20Times.csv.zip%22%3B%20filename%2A%3DUTF-8%27%27ML3%2520Stroop%2520Raw%2520Reaction%2520Times.csv.zip&GoogleAccessId=files-us%40cos-osf-prod.iam.gserviceaccount.com&Expires=1785272891&Signature=eYoLTcw2bdW2LZb4RMyHAROa%2B%2FhERplEcJzyYYQENbOalGOcN%2B0DMsctAjPBPWY%2FrH2%2BWlwF238HgYfvnLQTnKHPT2KhsUo9gR2oZxc%2F4EgTikQDRsQATR4I9iN28wSBaqGyO%2F6XBU2%2B9cK%2FX1Z1ZX7nbypp80x0qkBHUOu9Mbrx4Q1BGosifalkR%2BhHMdprzUlK5Yi5loHGoOpgy2IExhLaoWYrlBLox3pNAD5EtfntCgBW4Q186ipg2BRWk%2B22mmeYlW3%2BaAJve4WQ%2Fe1%2BJYs6Msv8eS7ucGNy6wF%2BLDBcV8C5csiAjz2x2wK%2Bx4LCJpAAskM9xlli%2BDKQ1eotSQ%3D%3D	application/octet-stream	1874148	4		bodies/856905ab6517f2eb.body	bodies/856905ab6517f2eb.headers
https://osf.io/q7dsk/?action=download	8bc326ef3d7bd6e9	2026-07-28T21:07:09.840288+00:00	2026-07-28T21:07:12.180803+00:00	0	200	https://storage.googleapis.com/cos-osf-prod-files-us-east1/c5a023fa9cf6a8d30ab6877a7e220aa8dbf7a03d89339c80440c711fa348fb38?response-content-disposition=attachment%3B%20filename%3D%22public_noun_data.txt%22%3B%20filename%2A%3DUTF-8%27%27public_noun_data.txt&GoogleAccessId=files-us%40cos-osf-prod.iam.gserviceaccount.com&Expires=1785272891&Signature=fADZTAB2bIFLVUgNjDD7JOSWNRfdEaaICtgKMeiV0w1jT4zGmb3oax6ljwkYYX%2F5MocmFgvecOJRtt2wP3tpz0%2BiW1o%2BZ1DVULNT35Cp17rZdLQHYcHBO3XaPuzSowHNphessMBASMRpCXbQ1B6np60WupNKeaRt%2B8qiBVetT2LIhWBI4tUZI6f4OPZgpX2VljQF2maHSDG9CcSKvJTJvhg22yaxU9CPlRLjgl%2FY5VzeBwWUhmu3StfcklLQ5keo5OwzE%2Fr9ZXGPjZ8fBpZeULNBvLS1q5DNCVE7PQrtcmbA%2BiMlCGTb3BV9LncS4sJ49123dZErwOdnEE3YxkXbLQ%3D%3D	application/octet-stream	738743	4		bodies/8bc326ef3d7bd6e9.body	bodies/8bc326ef3d7bd6e9.headers
https://osf.io/z43dz/?action=download	4d79e4126ba604d1	2026-07-28T21:07:09.849757+00:00	2026-07-28T21:07:11.974894+00:00	63	200	https://storage.googleapis.com/cos-osf-prod-files-us-east1/6905a48340a7d05d0672684335f0162e8537601e2a117f649bde1546266b2a14?response-content-disposition=attachment%3B%20filename%3D%22PLOS_raw_pupildata_controlexperiment.csv%22%3B%20filename%2A%3DUTF-8%27%27PLOS_raw_pupildata_controlexperiment.csv&GoogleAccessId=files-us%40cos-osf-prod.iam.gserviceaccount.com&Expires=1785272891&Signature=gUZSY4JVoThwGvk9oITNct3gl5t8%2ByEFyX3WEF3Bpy8%2Bpxi%2BD6oX9RMFZTh0i3xV6P9ln09FwbjmgR79yd9qsMUuD5J4F8T97EQgV9Ga5BZPRy4ux7rP5h1GqkG2d175n5HJQoyMtU6UISmH%2FYyt%2BItQ4%2Bv%2BcGNowNiMp%2B0UGln5GGYk6wQ5uFdAb84KjJ2CAUPl8g9Lyp2de9YG%2FOJMVOjHjSRYuJiwmVCuOMGVIwKcwDvooQ3SrRn%2BzgOrlasPx5JEHfNHmnTWCsQh5fqIluJthEzyXY6csp1ACe6jh%2BpcGgMmqH3V0AumE2odsqiT87XXK7E4A3%2FJCeFZHbpZEg%3D%3D	application/octet-stream	0	4	curl: (63) Maximum file size exceeded		bodies/4d79e4126ba604d1.headers
https://package.epinowcast.org/articles/epinowcast.html	36589b11bee6335e	2026-07-28T21:07:09.855522+00:00	2026-07-28T21:07:09.875370+00:00	0	200	https://package.epinowcast.org/articles/epinowcast.html	text/html; charset=utf-8	11800	0		bodies/36589b11bee6335e.body	bodies/36589b11bee6335e.headers
https://package.epinowcast.org/articles/germany-age-stratified-nowcasting.html	1ff4c16874e94f6f	2026-07-28T21:07:09.875463+00:00	2026-07-28T21:07:09.896454+00:00	0	200	https://package.epinowcast.org/articles/germany-age-stratified-nowcasting.html	text/html; charset=utf-8	15553	0		bodies/1ff4c16874e94f6f.body	bodies/1ff4c16874e94f6f.headers
https://package.epinowcast.org/articles/model.html	e29af2bdcf75ff59	2026-07-28T21:07:09.896540+00:00	2026-07-28T21:07:09.917452+00:00	0	200	https://package.epinowcast.org/articles/model.html	text/html; charset=utf-8	13795	0		bodies/e29af2bdcf75ff59.body	bodies/e29af2bdcf75ff59.headers
https://package.epinowcast.org/articles/single-timeseries-rt-estimation.html	5f0e3bb4846eb0b2	2026-07-28T21:07:09.917559+00:00	2026-07-28T21:07:09.939518+00:00	0	200	https://package.epinowcast.org/articles/single-timeseries-rt-estimation.html	text/html; charset=utf-8	24496	0		bodies/5f0e3bb4846eb0b2.body	bodies/5f0e3bb4846eb0b2.headers
https://paulbuerkner.com/brms/articles/brms_customfamilies.html	a4cdedd9f26edd15	2026-07-28T21:07:09.937281+00:00	2026-07-28T21:07:09.960911+00:00	0	200	https://paulbuerkner.com/brms/articles/brms_customfamilies.html	text/html; charset=utf-8	10523	0		bodies/a4cdedd9f26edd15.body	bodies/a4cdedd9f26edd15.headers
https://paulbuerkner.com/brms/articles/brms_distreg.html	c0da7857dafde8df	2026-07-28T21:07:09.939583+00:00	2026-07-28T21:07:09.960349+00:00	0	200	https://paulbuerkner.com/brms/articles/brms_distreg.html	text/html; charset=utf-8	9551	0		bodies/c0da7857dafde8df.body	bodies/c0da7857dafde8df.headers
https://paulbuerkner.com/brms/articles/brms_missings.html	44b15ecb93e1f136	2026-07-28T21:07:09.942004+00:00	2026-07-28T21:07:09.960710+00:00	0	200	https://paulbuerkner.com/brms/articles/brms_missings.html	text/html; charset=utf-8	9336	0		bodies/44b15ecb93e1f136.body	bodies/44b15ecb93e1f136.headers
https://paulbuerkner.com/brms/articles/brms_monotonic.html	f6512c373da83c8f	2026-07-28T21:07:09.945438+00:00	2026-07-28T21:07:09.965614+00:00	0	200	https://paulbuerkner.com/brms/articles/brms_monotonic.html	text/html; charset=utf-8	8736	0		bodies/f6512c373da83c8f.body	bodies/f6512c373da83c8f.headers
https://paulbuerkner.com/brms/articles/brms_multivariate.html	8a8fb3ac1ff0b25f	2026-07-28T21:07:09.960455+00:00	2026-07-28T21:07:09.983145+00:00	0	200	https://paulbuerkner.com/brms/articles/brms_multivariate.html	text/html; charset=utf-8	8887	0		bodies/8a8fb3ac1ff0b25f.body	bodies/8a8fb3ac1ff0b25f.headers
https://paulbuerkner.com/brms/articles/brms_nonlinear.html	c536aa73f819b34d	2026-07-28T21:07:09.960755+00:00	2026-07-28T21:07:09.985347+00:00	0	200	https://paulbuerkner.com/brms/articles/brms_nonlinear.html	text/html; charset=utf-8	10596	0		bodies/c536aa73f819b34d.body	bodies/c536aa73f819b34d.headers
https://paulbuerkner.com/brms/articles/brms_phylogenetics.html	1b42dbbffa2f5e81	2026-07-28T21:07:09.960974+00:00	2026-07-28T21:07:09.982619+00:00	0	200	https://paulbuerkner.com/brms/articles/brms_phylogenetics.html	text/html; charset=utf-8	10643	0		bodies/1b42dbbffa2f5e81.body	bodies/1b42dbbffa2f5e81.headers
https://raw.githubusercontent.com/ASKurz/Doing-Bayesian-Data-Analysis-in-brms-and-the-tidyverse/master/data.R/BattingAverage.csv	62ff6764676a9d1e	2026-07-28T21:07:09.965699+00:00	2026-07-28T21:07:10.155139+00:00	0	200	https://raw.githubusercontent.com/ASKurz/Doing-Bayesian-Data-Analysis-in-brms-and-the-tidyverse/master/data.R/BattingAverage.csv	text/plain; charset=utf-8	13474	0		bodies/62ff6764676a9d1e.body	bodies/62ff6764676a9d1e.headers
https://raw.githubusercontent.com/ASKurz/Doing-Bayesian-Data-Analysis-in-brms-and-the-tidyverse/master/data.R/CondLogistRegData1.csv	2f0f83bf24068615	2026-07-28T21:07:09.982748+00:00	2026-07-28T21:07:10.159644+00:00	0	200	https://raw.githubusercontent.com/ASKurz/Doing-Bayesian-Data-Analysis-in-brms-and-the-tidyverse/master/data.R/CondLogistRegData1.csv	text/plain; charset=utf-8	8877	0		bodies/2f0f83bf24068615.body	bodies/2f0f83bf24068615.headers
https://raw.githubusercontent.com/ASKurz/Doing-Bayesian-Data-Analysis-in-brms-and-the-tidyverse/master/data.R/CondLogistRegData2.csv	facccbf25e138048	2026-07-28T21:07:09.983253+00:00	2026-07-28T21:07:10.162335+00:00	0	200	https://raw.githubusercontent.com/ASKurz/Doing-Bayesian-Data-Analysis-in-brms-and-the-tidyverse/master/data.R/CondLogistRegData2.csv	text/plain; charset=utf-8	8866	0		bodies/facccbf25e138048.body	bodies/facccbf25e138048.headers
https://raw.githubusercontent.com/ASKurz/Doing-Bayesian-Data-Analysis-in-brms-and-the-tidyverse/master/data.R/FruitflyDataReduced.csv	3f07c4d26d691695	2026-07-28T21:07:09.985423+00:00	2026-07-28T21:07:10.160307+00:00	0	200	https://raw.githubusercontent.com/ASKurz/Doing-Bayesian-Data-Analysis-in-brms-and-the-tidyverse/master/data.R/FruitflyDataReduced.csv	text/plain; charset=utf-8	443	0		bodies/3f07c4d26d691695.body	bodies/3f07c4d26d691695.headers
https://raw.githubusercontent.com/ASKurz/Doing-Bayesian-Data-Analysis-in-brms-and-the-tidyverse/master/data.R/Guber1999data.csv	58a452c81a295341	2026-07-28T21:07:10.007548+00:00	2026-07-28T21:07:10.187903+00:00	0	200	https://raw.githubusercontent.com/ASKurz/Doing-Bayesian-Data-Analysis-in-brms-and-the-tidyverse/master/data.R/Guber1999data.csv	text/plain; charset=utf-8	1240	0		bodies/58a452c81a295341.body	bodies/58a452c81a295341.headers
https://raw.githubusercontent.com/ASKurz/Doing-Bayesian-Data-Analysis-in-brms-and-the-tidyverse/master/data.R/HairEyeColor.csv	ba6050c43e3721b6	2026-07-28T21:07:10.010587+00:00	2026-07-28T21:07:10.183550+00:00	0	200	https://raw.githubusercontent.com/ASKurz/Doing-Bayesian-Data-Analysis-in-brms-and-the-tidyverse/master/data.R/HairEyeColor.csv	text/plain; charset=utf-8	142	0		bodies/ba6050c43e3721b6.body	bodies/ba6050c43e3721b6.headers
https://raw.githubusercontent.com/ASKurz/Doing-Bayesian-Data-Analysis-in-brms-and-the-tidyverse/master/data.R/HappinessAssetsDebt.csv	fb723c47d660d29f	2026-07-28T21:07:10.014834+00:00	2026-07-28T21:07:10.191047+00:00	0	200	https://raw.githubusercontent.com/ASKurz/Doing-Bayesian-Data-Analysis-in-brms-and-the-tidyverse/master/data.R/HappinessAssetsDebt.csv	text/plain; charset=utf-8	11426	0		bodies/fb723c47d660d29f.body	bodies/fb723c47d660d29f.headers
https://raw.githubusercontent.com/ASKurz/Doing-Bayesian-Data-Analysis-in-brms-and-the-tidyverse/master/data.R/HierLinRegressData.csv	d9491b5ee6f85f07	2026-07-28T21:07:10.109685+00:00	2026-07-28T21:07:10.281193+00:00	0	200	https://raw.githubusercontent.com/ASKurz/Doing-Bayesian-Data-Analysis-in-brms-and-the-tidyverse/master/data.R/HierLinRegressData.csv	text/plain; charset=utf-8	756	0		bodies/d9491b5ee6f85f07.body	bodies/d9491b5ee6f85f07.headers
https://raw.githubusercontent.com/ASKurz/Doing-Bayesian-Data-Analysis-in-brms-and-the-tidyverse/master/data.R/HtWtData110.csv	732ad50d2fbab186	2026-07-28T21:07:10.155256+00:00	2026-07-28T21:07:10.339004+00:00	0	200	https://raw.githubusercontent.com/ASKurz/Doing-Bayesian-Data-Analysis-in-brms-and-the-tidyverse/master/data.R/HtWtData110.csv	text/plain; charset=utf-8	581	0		bodies/732ad50d2fbab186.body	bodies/732ad50d2fbab186.headers
https://raw.githubusercontent.com/ASKurz/Doing-Bayesian-Data-Analysis-in-brms-and-the-tidyverse/master/data.R/HtWtData30.csv	4f632747d354b903	2026-07-28T21:07:10.159745+00:00	2026-07-28T21:07:10.332758+00:00	0	200	https://raw.githubusercontent.com/ASKurz/Doing-Bayesian-Data-Analysis-in-brms-and-the-tidyverse/master/data.R/HtWtData30.csv	text/plain; charset=utf-8	223	0		bodies/4f632747d354b903.body	bodies/4f632747d354b903.headers
https://raw.githubusercontent.com/ASKurz/Doing-Bayesian-Data-Analysis-in-brms-and-the-tidyverse/master/data.R/HtWtData300.csv	b8b9532826e1fd44	2026-07-28T21:07:10.160342+00:00	2026-07-28T21:07:10.192850+00:00	0	200	https://raw.githubusercontent.com/ASKurz/Doing-Bayesian-Data-Analysis-in-brms-and-the-tidyverse/master/data.R/HtWtData300.csv	text/plain; charset=utf-8	1385	0		bodies/b8b9532826e1fd44.body	bodies/b8b9532826e1fd44.headers
https://raw.githubusercontent.com/ASKurz/Doing-Bayesian-Data-Analysis-in-brms-and-the-tidyverse/master/data.R/IncomeFamszState3yr.csv	494c57c8a2f769d5	2026-07-28T21:07:10.162378+00:00	2026-07-28T21:07:10.359897+00:00	0	200	https://raw.githubusercontent.com/ASKurz/Doing-Bayesian-Data-Analysis-in-brms-and-the-tidyverse/master/data.R/IncomeFamszState3yr.csv	text/plain; charset=utf-8	3054	0		bodies/494c57c8a2f769d5.body	bodies/494c57c8a2f769d5.headers
https://raw.githubusercontent.com/ASKurz/Doing-Bayesian-Data-Analysis-in-brms-and-the-tidyverse/master/data.R/Movies.csv	66fb8c01aff972c5	2026-07-28T21:07:10.164408+00:00	2026-07-28T21:07:10.343503+00:00	0	200	https://raw.githubusercontent.com/ASKurz/Doing-Bayesian-Data-Analysis-in-brms-and-the-tidyverse/master/data.R/Movies.csv	text/plain; charset=utf-8	1749	0		bodies/66fb8c01aff972c5.body	bodies/66fb8c01aff972c5.headers
https://raw.githubusercontent.com/ASKurz/Doing-Bayesian-Data-Analysis-in-brms-and-the-tidyverse/master/data.R/OrdinalProbitData1.csv	297ca41ed528ccce	2026-07-28T21:07:10.183653+00:00	2026-07-28T21:07:10.365249+00:00	0	200	https://raw.githubusercontent.com/ASKurz/Doing-Bayesian-Data-Analysis-in-brms-and-the-tidyverse/master/data.R/OrdinalProbitData1.csv	text/plain; charset=utf-8	62	0		bodies/297ca41ed528ccce.body	bodies/297ca41ed528ccce.headers
https://raw.githubusercontent.com/ASKurz/Doing-Bayesian-Data-Analysis-in-brms-and-the-tidyverse/master/data.R/Salary.csv	c3ae9271fde1d72a	2026-07-28T21:07:10.187978+00:00	2026-07-28T21:07:10.370464+00:00	0	200	https://raw.githubusercontent.com/ASKurz/Doing-Bayesian-Data-Analysis-in-brms-and-the-tidyverse/master/data.R/Salary.csv	text/plain; charset=utf-8	7976	0		bodies/c3ae9271fde1d72a.body	bodies/c3ae9271fde1d72a.headers
https://raw.githubusercontent.com/ASKurz/Doing-Bayesian-Data-Analysis-in-brms-and-the-tidyverse/master/data.R/SoftmaxRegData1.csv	669d3330281b28ee	2026-07-28T21:07:10.191100+00:00	2026-07-28T21:07:10.364675+00:00	0	200	https://raw.githubusercontent.com/ASKurz/Doing-Bayesian-Data-Analysis-in-brms-and-the-tidyverse/master/data.R/SoftmaxRegData1.csv	text/plain; charset=utf-8	8890	0		bodies/669d3330281b28ee.body	bodies/669d3330281b28ee.headers
https://raw.githubusercontent.com/ASKurz/Doing-Bayesian-Data-Analysis-in-brms-and-the-tidyverse/master/data.R/SoftmaxRegData2.csv	33148e7a4897360f	2026-07-28T21:07:10.193000+00:00	2026-07-28T21:07:10.408885+00:00	0	200	https://raw.githubusercontent.com/ASKurz/Doing-Bayesian-Data-Analysis-in-brms-and-the-tidyverse/master/data.R/SoftmaxRegData2.csv	text/plain; charset=utf-8	8873	0		bodies/33148e7a4897360f.body	bodies/33148e7a4897360f.headers
https://raw.githubusercontent.com/ASKurz/Doing-Bayesian-Data-Analysis-in-brms-and-the-tidyverse/master/data.R/SplitPlotAgriData.csv	7ec45802f88f0313	2026-07-28T21:07:10.281330+00:00	2026-07-28T21:07:10.463162+00:00	0	200	https://raw.githubusercontent.com/ASKurz/Doing-Bayesian-Data-Analysis-in-brms-and-the-tidyverse/master/data.R/SplitPlotAgriData.csv	text/plain; charset=utf-8	519	0		bodies/7ec45802f88f0313.body	bodies/7ec45802f88f0313.headers
https://raw.githubusercontent.com/ASKurz/Doing-Bayesian-Data-Analysis-in-brms-and-the-tidyverse/master/data.R/TherapeuticTouchData.csv	ea3f860d794548ef	2026-07-28T21:07:10.332865+00:00	2026-07-28T21:07:10.490369+00:00	0	200	https://raw.githubusercontent.com/ASKurz/Doing-Bayesian-Data-Analysis-in-brms-and-the-tidyverse/master/data.R/TherapeuticTouchData.csv	text/plain; charset=utf-8	267	0		bodies/ea3f860d794548ef.body	bodies/ea3f860d794548ef.headers
https://raw.githubusercontent.com/ASKurz/Doing-Bayesian-Data-Analysis-in-brms-and-the-tidyverse/master/data.R/TwoGroupIQ.csv	a6df2e515d6db3bc	2026-07-28T21:07:10.339080+00:00	2026-07-28T21:07:10.506582+00:00	0	200	https://raw.githubusercontent.com/ASKurz/Doing-Bayesian-Data-Analysis-in-brms-and-the-tidyverse/master/data.R/TwoGroupIQ.csv	text/plain; charset=utf-8	325	0		bodies/a6df2e515d6db3bc.body	bodies/a6df2e515d6db3bc.headers
https://raw.githubusercontent.com/bambinos/bambi/main/docs/notebooks/data/bmi.csv	a5f3cb9ec2639659	2026-07-28T21:07:10.343617+00:00	2026-07-28T21:07:10.527943+00:00	0	200	https://raw.githubusercontent.com/bambinos/bambi/main/docs/notebooks/data/bmi.csv	text/plain; charset=utf-8	67274	0		bodies/a5f3cb9ec2639659.body	bodies/a5f3cb9ec2639659.headers
https://raw.githubusercontent.com/bambinos/bambi/main/docs/notebooks/data/child.csv	b31d4a51272b8189	2026-07-28T21:07:10.360005+00:00	2026-07-28T21:07:10.388069+00:00	0	200	https://raw.githubusercontent.com/bambinos/bambi/main/docs/notebooks/data/child.csv	text/plain; charset=utf-8	438519	0		bodies/b31d4a51272b8189.body	bodies/b31d4a51272b8189.headers
https://raw.githubusercontent.com/bambinos/bambi/main/docs/notebooks/data/gam_data.csv	8e44ec044ecfc63b	2026-07-28T21:07:10.364747+00:00	2026-07-28T21:07:10.385076+00:00	0	200	https://raw.githubusercontent.com/bambinos/bambi/main/docs/notebooks/data/gam_data.csv	text/plain; charset=utf-8	20388	0		bodies/8e44ec044ecfc63b.body	bodies/8e44ec044ecfc63b.headers
https://raw.githubusercontent.com/bambinos/bambi/main/docs/notebooks/data/hr_employee_attrition.tsv.txt	47147f38b7ce7950	2026-07-28T21:07:10.365357+00:00	2026-07-28T21:07:10.387177+00:00	0	200	https://raw.githubusercontent.com/bambinos/bambi/main/docs/notebooks/data/hr_employee_attrition.tsv.txt	text/plain; charset=utf-8	49015	0		bodies/47147f38b7ce7950.body	bodies/47147f38b7ce7950.headers
https://raw.githubusercontent.com/bambinos/bambi/main/docs/notebooks/data/poisson_data.csv	e3d4a1a223e6fc19	2026-07-28T21:07:10.370544+00:00	2026-07-28T21:07:10.392645+00:00	0	200	https://raw.githubusercontent.com/bambinos/bambi/main/docs/notebooks/data/poisson_data.csv	text/plain; charset=utf-8	3035	0		bodies/e3d4a1a223e6fc19.body	bodies/e3d4a1a223e6fc19.headers
https://raw.githubusercontent.com/bambinos/bambi/main/docs/notebooks/data/retention.csv	9fdbf29cd3777d6a	2026-07-28T21:07:10.385186+00:00	2026-07-28T21:07:10.406573+00:00	0	200	https://raw.githubusercontent.com/bambinos/bambi/main/docs/notebooks/data/retention.csv	text/plain; charset=utf-8	19601	0		bodies/9fdbf29cd3777d6a.body	bodies/9fdbf29cd3777d6a.headers
https://raw.githubusercontent.com/bambinos/bambi/main/docs/notebooks/data/roaches.csv	f9d6c78ce91b8810	2026-07-28T21:07:10.387279+00:00	2026-07-28T21:07:10.570172+00:00	0	200	https://raw.githubusercontent.com/bambinos/bambi/main/docs/notebooks/data/roaches.csv	text/plain; charset=utf-8	1693	0		bodies/f9d6c78ce91b8810.body	bodies/f9d6c78ce91b8810.headers
https://raw.githubusercontent.com/bambinos/bambi/main/docs/notebooks/data/shooter.csv	1758dd24d19cdae1	2026-07-28T21:07:10.388144+00:00	2026-07-28T21:07:10.561062+00:00	0	200	https://raw.githubusercontent.com/bambinos/bambi/main/docs/notebooks/data/shooter.csv	text/plain; charset=utf-8	24434	0		bodies/1758dd24d19cdae1.body	bodies/1758dd24d19cdae1.headers
https://raw.githubusercontent.com/mwaskom/seaborn-data/master/mpg.csv	088ff2a87c003f70	2026-07-28T21:07:10.392717+00:00	2026-07-28T21:07:10.565807+00:00	0	200	https://raw.githubusercontent.com/mwaskom/seaborn-data/master/mpg.csv	text/plain; charset=utf-8	6465	0		bodies/088ff2a87c003f70.body	bodies/088ff2a87c003f70.headers
https://raw.githubusercontent.com/pymc-devs/pymc-examples/main/examples/data/srrs2.dat	d6ee73f94561f911	2026-07-28T21:07:10.406679+00:00	2026-07-28T21:07:10.587923+00:00	0	200	https://raw.githubusercontent.com/pymc-devs/pymc-examples/main/examples/data/srrs2.dat	text/plain; charset=utf-8	264293	0		bodies/d6ee73f94561f911.body	bodies/d6ee73f94561f911.headers
https://raw.githubusercontent.com/rmcelreath/rethinking/master/data/AustinCats.csv	6779aae11095a849	2026-07-28T21:07:10.408943+00:00	2026-07-28T21:07:10.595594+00:00	0	200	https://raw.githubusercontent.com/rmcelreath/rethinking/master/data/AustinCats.csv	text/plain; charset=utf-8	473716	0		bodies/6779aae11095a849.body	bodies/6779aae11095a849.headers
https://raw.githubusercontent.com/rmcelreath/rethinking/master/data/Trolley.csv	05e7dd6b4fa9eb4a	2026-07-28T21:07:10.455385+00:00	2026-07-28T21:07:10.635871+00:00	0	200	https://raw.githubusercontent.com/rmcelreath/rethinking/master/data/Trolley.csv	text/plain; charset=utf-8	51922	0		bodies/05e7dd6b4fa9eb4a.body	bodies/05e7dd6b4fa9eb4a.headers
https://stats.idre.ucla.edu/stat/data/fish.csv	8e1248ff3b56aa4b	2026-07-28T21:07:10.463276+00:00	2026-07-28T21:07:11.604682+00:00	0	200	https://stats.oarc.ucla.edu/stat/data/fish.csv	text/csv	12922	1		bodies/8e1248ff3b56aa4b.body	bodies/8e1248ff3b56aa4b.headers
https://stats.idre.ucla.edu/stat/stata/dae/nb_data.dta	34dcbc15cc073fdf	2026-07-28T21:07:10.470958+00:00	2026-07-28T21:07:11.461351+00:00	0	200	https://stats.oarc.ucla.edu/stat/stata/dae/nb_data.dta	text/html; charset=iso-8859-1	7639	1		bodies/34dcbc15cc073fdf.body	bodies/34dcbc15cc073fdf.headers
https://venpopov.github.io/bmm/articles/bmm_imm.html	13650b7fe11b66b2	2026-07-28T21:07:10.490475+00:00	2026-07-28T21:07:10.519738+00:00	0	200	https://venpopov.com/bmm/articles/bmm_imm.html	text/html; charset=utf-8	9767	1		bodies/13650b7fe11b66b2.body	bodies/13650b7fe11b66b2.headers
https://venpopov.github.io/bmm/articles/bmm_mixture_models.html	37cfba020012b393	2026-07-28T21:07:10.506686+00:00	2026-07-28T21:07:10.536743+00:00	0	200	https://venpopov.com/bmm/articles/bmm_mixture_models.html	text/html; charset=utf-8	10169	1		bodies/37cfba020012b393.body	bodies/37cfba020012b393.headers
https://venpopov.github.io/bmm/articles/bmm_sdm_simple.html	aff40fade643655c	2026-07-28T21:07:10.519856+00:00	2026-07-28T21:07:10.548296+00:00	0	200	https://venpopov.com/bmm/articles/bmm_sdm_simple.html	text/html; charset=utf-8	8814	1		bodies/aff40fade643655c.body	bodies/aff40fade643655c.headers
https://vincentarelbundock.github.io/Rdatasets/csv/HSAUR/clouds.csv	846e6e14d4366e3c	2026-07-28T21:07:10.528069+00:00	2026-07-28T21:07:10.696070+00:00	0	200	https://vincentarelbundock.github.io/Rdatasets/csv/HSAUR/clouds.csv	text/csv; charset=utf-8	457	0		bodies/846e6e14d4366e3c.body	bodies/846e6e14d4366e3c.headers
https://vincentarelbundock.github.io/Rdatasets/csv/HSAUR/weightgain.csv	0598771d66d313eb	2026-07-28T21:07:10.536845+00:00	2026-07-28T21:07:10.676926+00:00	0	200	https://vincentarelbundock.github.io/Rdatasets/csv/HSAUR/weightgain.csv	text/csv; charset=utf-8	249	0		bodies/0598771d66d313eb.body	bodies/0598771d66d313eb.headers
https://vincentarelbundock.github.io/Rdatasets/csv/HSAUR/womensrole.csv	421f668441ee853e	2026-07-28T21:07:10.548396+00:00	2026-07-28T21:07:10.689593+00:00	0	200	https://vincentarelbundock.github.io/Rdatasets/csv/HSAUR/womensrole.csv	text/csv; charset=utf-8	348	0		bodies/421f668441ee853e.body	bodies/421f668441ee853e.headers
https://vincentarelbundock.github.io/Rdatasets/csv/MASS/Boston.csv	f7e3690027505cae	2026-07-28T21:07:10.561158+00:00	2026-07-28T21:07:10.709776+00:00	0	200	https://vincentarelbundock.github.io/Rdatasets/csv/MASS/Boston.csv	text/csv; charset=utf-8	12812	0		bodies/f7e3690027505cae.body	bodies/f7e3690027505cae.headers
https://vincentarelbundock.github.io/Rdatasets/csv/MASS/Pima.tr.csv	5b7ffb9f907423b8	2026-07-28T21:07:10.565897+00:00	2026-07-28T21:07:10.699609+00:00	0	200	https://vincentarelbundock.github.io/Rdatasets/csv/MASS/Pima.tr.csv	text/csv; charset=utf-8	2684	0		bodies/5b7ffb9f907423b8.body	bodies/5b7ffb9f907423b8.headers
https://vincentarelbundock.github.io/Rdatasets/csv/MASS/cement.csv	820f21d97e1e2783	2026-07-28T21:07:10.570260+00:00	2026-07-28T21:07:10.703581+00:00	0	200	https://vincentarelbundock.github.io/Rdatasets/csv/MASS/cement.csv	text/csv; charset=utf-8	178	0		bodies/820f21d97e1e2783.body	bodies/820f21d97e1e2783.headers
https://vincentarelbundock.github.io/Rdatasets/csv/MASS/epil.csv	25a9ded9eaebc60d	2026-07-28T21:07:10.588068+00:00	2026-07-28T21:07:10.728682+00:00	0	200	https://vincentarelbundock.github.io/Rdatasets/csv/MASS/epil.csv	text/csv; charset=utf-8	2890	0		bodies/25a9ded9eaebc60d.body	bodies/25a9ded9eaebc60d.headers
https://vincentarelbundock.github.io/Rdatasets/csv/MASS/quine.csv	e8beddfa1b7dd5f2	2026-07-28T21:07:10.595691+00:00	2026-07-28T21:07:10.727835+00:00	0	200	https://vincentarelbundock.github.io/Rdatasets/csv/MASS/quine.csv	text/csv; charset=utf-8	633	0		bodies/e8beddfa1b7dd5f2.body	bodies/e8beddfa1b7dd5f2.headers
https://vincentarelbundock.github.io/Rdatasets/csv/MCMCglmm/BTdata.csv	922ab4193ef514a1	2026-07-28T21:07:10.636004+00:00	2026-07-28T21:07:10.656216+00:00	0	404	https://vincentarelbundock.github.io/Rdatasets/csv/MCMCglmm/BTdata.csv	text/html; charset=utf-8	1848	0		bodies/922ab4193ef514a1.body	bodies/922ab4193ef514a1.headers
https://vincentarelbundock.github.io/Rdatasets/csv/MCMCglmm/BTped.csv	ec02d7ea2e86b475	2026-07-28T21:07:10.656325+00:00	2026-07-28T21:07:10.792631+00:00	0	404	https://vincentarelbundock.github.io/Rdatasets/csv/MCMCglmm/BTped.csv	text/html; charset=utf-8	1848	0		bodies/ec02d7ea2e86b475.body	bodies/ec02d7ea2e86b475.headers
https://vincentarelbundock.github.io/Rdatasets/csv/MCMCglmm/PlodiaPO.csv	701a17012f058642	2026-07-28T21:07:10.677045+00:00	2026-07-28T21:07:10.698403+00:00	0	404	https://vincentarelbundock.github.io/Rdatasets/csv/MCMCglmm/PlodiaPO.csv	text/html; charset=utf-8	1848	0		bodies/701a17012f058642.body	bodies/701a17012f058642.headers
https://vincentarelbundock.github.io/Rdatasets/csv/MCMCglmm/SShorns.csv	f09b67679753712a	2026-07-28T21:07:10.689678+00:00	2026-07-28T21:07:10.712138+00:00	0	404	https://vincentarelbundock.github.io/Rdatasets/csv/MCMCglmm/SShorns.csv	text/html; charset=utf-8	1848	0		bodies/f09b67679753712a.body	bodies/f09b67679753712a.headers
https://vincentarelbundock.github.io/Rdatasets/csv/SemiPar/lidar.csv	260953d030a9037c	2026-07-28T21:07:10.696185+00:00	2026-07-28T21:07:10.715995+00:00	0	404	https://vincentarelbundock.github.io/Rdatasets/csv/SemiPar/lidar.csv	text/html; charset=utf-8	1848	0		bodies/260953d030a9037c.body	bodies/260953d030a9037c.headers
https://vincentarelbundock.github.io/Rdatasets/csv/Stat2Data/Titanic.csv	31ef044028749a03	2026-07-28T21:07:10.698464+00:00	2026-07-28T21:07:10.845558+00:00	0	200	https://vincentarelbundock.github.io/Rdatasets/csv/Stat2Data/Titanic.csv	text/csv; charset=utf-8	19357	0		bodies/31ef044028749a03.body	bodies/31ef044028749a03.headers
https://vincentarelbundock.github.io/Rdatasets/csv/betareg/GasolineYield.csv	236f6c43daa2ddc2	2026-07-28T21:07:10.699664+00:00	2026-07-28T21:07:10.852169+00:00	0	200	https://vincentarelbundock.github.io/Rdatasets/csv/betareg/GasolineYield.csv	text/csv; charset=utf-8	403	0		bodies/236f6c43daa2ddc2.body	bodies/236f6c43daa2ddc2.headers
https://vincentarelbundock.github.io/Rdatasets/csv/carData/Wells.csv	c4fb9821dcd64f4c	2026-07-28T21:07:10.703673+00:00	2026-07-28T21:07:10.829003+00:00	0	200	https://vincentarelbundock.github.io/Rdatasets/csv/carData/Wells.csv	text/csv; charset=utf-8	26810	0		bodies/c4fb9821dcd64f4c.body	bodies/c4fb9821dcd64f4c.headers
https://vincentarelbundock.github.io/Rdatasets/csv/datasets/ChickWeight.csv	83c9a876d0264b96	2026-07-28T21:07:10.709871+00:00	2026-07-28T21:07:10.848036+00:00	0	200	https://vincentarelbundock.github.io/Rdatasets/csv/datasets/ChickWeight.csv	text/csv; charset=utf-8	2718	0		bodies/83c9a876d0264b96.body	bodies/83c9a876d0264b96.headers
https://vincentarelbundock.github.io/Rdatasets/csv/datasets/LifeCycleSavings.csv	dac5018107c3d0b4	2026-07-28T21:07:10.712218+00:00	2026-07-28T21:07:10.842740+00:00	0	200	https://vincentarelbundock.github.io/Rdatasets/csv/datasets/LifeCycleSavings.csv	text/csv; charset=utf-8	1089	0		bodies/dac5018107c3d0b4.body	bodies/dac5018107c3d0b4.headers
https://vincentarelbundock.github.io/Rdatasets/csv/datasets/esoph.csv	4c92a5b602e978ec	2026-07-28T21:07:10.716066+00:00	2026-07-28T21:07:10.845047+00:00	0	200	https://vincentarelbundock.github.io/Rdatasets/csv/datasets/esoph.csv	text/csv; charset=utf-8	649	0		bodies/4c92a5b602e978ec.body	bodies/4c92a5b602e978ec.headers
https://vincentarelbundock.github.io/Rdatasets/csv/datasets/iris.csv	49899c6960d70924	2026-07-28T21:07:10.721606+00:00	2026-07-28T21:07:10.742227+00:00	0	200	https://vincentarelbundock.github.io/Rdatasets/csv/datasets/iris.csv	text/csv; charset=utf-8	1115	0		bodies/49899c6960d70924.body	bodies/49899c6960d70924.headers
https://vincentarelbundock.github.io/Rdatasets/csv/datasets/mtcars.csv	a77533d9ee786fb8	2026-07-28T21:07:10.727929+00:00	2026-07-28T21:07:10.748310+00:00	0	200	https://vincentarelbundock.github.io/Rdatasets/csv/datasets/mtcars.csv	text/csv; charset=utf-8	861	0		bodies/a77533d9ee786fb8.body	bodies/a77533d9ee786fb8.headers
https://vincentarelbundock.github.io/Rdatasets/csv/datasets/trees.csv	567a6f606affeb38	2026-07-28T21:07:10.728760+00:00	2026-07-28T21:07:10.870545+00:00	0	200	https://vincentarelbundock.github.io/Rdatasets/csv/datasets/trees.csv	text/csv; charset=utf-8	282	0		bodies/567a6f606affeb38.body	bodies/567a6f606affeb38.headers
https://vincentarelbundock.github.io/Rdatasets/csv/geepack/dietox.csv	ce8700f32950bbfa	2026-07-28T21:07:10.734757+00:00	2026-07-28T21:07:10.872753+00:00	0	200	https://vincentarelbundock.github.io/Rdatasets/csv/geepack/dietox.csv	text/csv; charset=utf-8	8879	0		bodies/ce8700f32950bbfa.body	bodies/ce8700f32950bbfa.headers
https://vincentarelbundock.github.io/Rdatasets/csv/ggplot2movies/movies.csv	925d484a165bd37e	2026-07-28T21:07:10.739396+00:00	2026-07-28T21:07:10.898773+00:00	0	200	https://vincentarelbundock.github.io/Rdatasets/csv/ggplot2movies/movies.csv	text/csv; charset=utf-8	1550769	0		bodies/925d484a165bd37e.body	bodies/925d484a165bd37e.headers
https://vincentarelbundock.github.io/Rdatasets/csv/glmmTMB/Owls.csv	9e398f14bec6563d	2026-07-28T21:07:10.742281+00:00	2026-07-28T21:07:10.762583+00:00	0	404	https://vincentarelbundock.github.io/Rdatasets/csv/glmmTMB/Owls.csv	text/html; charset=utf-8	1848	0		bodies/9e398f14bec6563d.body	bodies/9e398f14bec6563d.headers
https://vincentarelbundock.github.io/Rdatasets/csv/glmmTMB/Salamanders.csv	621eb2a6284081fc	2026-07-28T21:07:10.747215+00:00	2026-07-28T21:07:10.767029+00:00	0	404	https://vincentarelbundock.github.io/Rdatasets/csv/glmmTMB/Salamanders.csv	text/html; charset=utf-8	1848	0		bodies/621eb2a6284081fc.body	bodies/621eb2a6284081fc.headers
https://vincentarelbundock.github.io/Rdatasets/csv/lme4/Dyestuff.csv	6f1e1830c1b70ed7	2026-07-28T21:07:10.748365+00:00	2026-07-28T21:07:10.890470+00:00	0	200	https://vincentarelbundock.github.io/Rdatasets/csv/lme4/Dyestuff.csv	text/csv; charset=utf-8	180	0		bodies/6f1e1830c1b70ed7.body	bodies/6f1e1830c1b70ed7.headers
https://vincentarelbundock.github.io/Rdatasets/csv/lme4/Pastes.csv	ea791020d743f019	2026-07-28T21:07:10.762670+00:00	2026-07-28T21:07:10.895223+00:00	0	200	https://vincentarelbundock.github.io/Rdatasets/csv/lme4/Pastes.csv	text/csv; charset=utf-8	425	0		bodies/ea791020d743f019.body	bodies/ea791020d743f019.headers
https://vincentarelbundock.github.io/Rdatasets/csv/lme4/Penicillin.csv	97d39e31eaf1312d	2026-07-28T21:07:10.767112+00:00	2026-07-28T21:07:10.894588+00:00	0	200	https://vincentarelbundock.github.io/Rdatasets/csv/lme4/Penicillin.csv	text/csv; charset=utf-8	686	0		bodies/97d39e31eaf1312d.body	bodies/97d39e31eaf1312d.headers
https://vincentarelbundock.github.io/Rdatasets/csv/lme4/VerbAgg.csv	50fab8adbebcb837	2026-07-28T21:07:10.792742+00:00	2026-07-28T21:07:10.936615+00:00	0	200	https://vincentarelbundock.github.io/Rdatasets/csv/lme4/VerbAgg.csv	text/csv; charset=utf-8	54183	0		bodies/50fab8adbebcb837.body	bodies/50fab8adbebcb837.headers
https://vincentarelbundock.github.io/Rdatasets/csv/lme4/cbpp.csv	aeec6100b3dbbabd	2026-07-28T21:07:10.829114+00:00	2026-07-28T21:07:10.955370+00:00	0	200	https://vincentarelbundock.github.io/Rdatasets/csv/lme4/cbpp.csv	text/csv; charset=utf-8	349	0		bodies/aeec6100b3dbbabd.body	bodies/aeec6100b3dbbabd.headers
https://vincentarelbundock.github.io/Rdatasets/csv/lme4/sleepstudy.csv	06941e5ae9709654	2026-07-28T21:07:10.842846+00:00	2026-07-28T21:07:10.975544+00:00	0	200	https://vincentarelbundock.github.io/Rdatasets/csv/lme4/sleepstudy.csv	text/csv; charset=utf-8	1448	0		bodies/06941e5ae9709654.body	bodies/06941e5ae9709654.headers
https://vincentarelbundock.github.io/Rdatasets/csv/mice/nhanes.csv	3f904e0920ef2dfc	2026-07-28T21:07:10.845103+00:00	2026-07-28T21:07:10.868144+00:00	0	404	https://vincentarelbundock.github.io/Rdatasets/csv/mice/nhanes.csv	text/html; charset=utf-8	1848	0		bodies/3f904e0920ef2dfc.body	bodies/3f904e0920ef2dfc.headers
https://vincentarelbundock.github.io/Rdatasets/csv/mlmRev/Contraception.csv	6b0b2ae596f648e9	2026-07-28T21:07:10.845600+00:00	2026-07-28T21:07:10.981074+00:00	0	200	https://vincentarelbundock.github.io/Rdatasets/csv/mlmRev/Contraception.csv	text/csv; charset=utf-8	14042	0		bodies/6b0b2ae596f648e9.body	bodies/6b0b2ae596f648e9.headers
https://vincentarelbundock.github.io/Rdatasets/csv/rstanarm/bball1970.csv	80675985b99af671	2026-07-28T21:07:10.848173+00:00	2026-07-28T21:07:10.873673+00:00	0	404	https://vincentarelbundock.github.io/Rdatasets/csv/rstanarm/bball1970.csv	text/html; charset=utf-8	1848	0		bodies/80675985b99af671.body	bodies/80675985b99af671.headers
https://vincentarelbundock.github.io/Rdatasets/csv/rstanarm/kidiq.csv	103d9f04415e12c9	2026-07-28T21:07:10.852274+00:00	2026-07-28T21:07:10.873164+00:00	0	404	https://vincentarelbundock.github.io/Rdatasets/csv/rstanarm/kidiq.csv	text/html; charset=utf-8	1848	0		bodies/103d9f04415e12c9.body	bodies/103d9f04415e12c9.headers
https://vincentarelbundock.github.io/Rdatasets/csv/rstanarm/roaches.csv	d55b03466a3a1275	2026-07-28T21:07:10.868265+00:00	2026-07-28T21:07:10.888992+00:00	0	404	https://vincentarelbundock.github.io/Rdatasets/csv/rstanarm/roaches.csv	text/html; charset=utf-8	1848	0		bodies/d55b03466a3a1275.body	bodies/d55b03466a3a1275.headers
https://vincentarelbundock.github.io/Rdatasets/csv/rstanarm/wells.csv	1ce610bd6c2a9ca0	2026-07-28T21:07:10.870693+00:00	2026-07-28T21:07:10.891134+00:00	0	404	https://vincentarelbundock.github.io/Rdatasets/csv/rstanarm/wells.csv	text/html; charset=utf-8	1848	0		bodies/1ce610bd6c2a9ca0.body	bodies/1ce610bd6c2a9ca0.headers
https://vincentarelbundock.github.io/Rdatasets/csv/survival/pbcseq.csv	ffc70cdcf28d27a4	2026-07-28T21:07:10.872837+00:00	2026-07-28T21:07:11.032330+00:00	0	200	https://vincentarelbundock.github.io/Rdatasets/csv/survival/pbcseq.csv	text/csv; charset=utf-8	44188	0		bodies/ffc70cdcf28d27a4.body	bodies/ffc70cdcf28d27a4.headers
https://vincentarelbundock.github.io/Rdatasets/csv/survival/veteran.csv	7ba9b65765fba8b5	2026-07-28T21:07:10.873272+00:00	2026-07-28T21:07:11.023839+00:00	0	200	https://vincentarelbundock.github.io/Rdatasets/csv/survival/veteran.csv	text/csv; charset=utf-8	1319	0		bodies/7ba9b65765fba8b5.body	bodies/7ba9b65765fba8b5.headers
